Date,Open,High,Low,Close,Volume,Adj Close
2015-10-26,19.44,19.61,17.61,17.61,56247300,17.61
2015-10-23,18.29,19.57,17.80,19.57,51569900,19.57
2015-10-22,16.20,17.79,15.92,17.79,42819800,17.79
2015-10-21,17.00,17.70,16.17,16.17,42704700,16.17
2015-10-20,17.10,18.38,16.88,17.97,41925000,17.97
2015-10-19,17.12,18.15,16.51,17.30,46064800,17.30
2015-10-16,15.99,17.69,15.81,17.69,43260400,17.69
2015-10-15,14.50,16.40,14.36,16.08,49378500,16.08
2015-10-14,15.25,15.25,14.51,15.25,53408400,15.25
2015-10-13,13.70,13.86,13.43,13.86,22071300,13.86
2015-10-12,12.60,12.60,12.60,12.60,1904100,12.60
2015-10-09,11.11,11.45,10.96,11.45,6929400,11.45
2015-10-08,10.00,10.41,9.88,10.41,10431400,10.41
2015-10-07,9.46,9.46,9.46,9.46,000,9.46
2015-10-06,9.46,9.46,9.46,9.46,000,9.46
2015-10-05,9.46,9.46,9.46,9.46,000,9.46
2015-10-02,9.46,9.46,9.46,9.46,000,9.46
2015-10-01,9.46,9.46,9.46,9.46,000,9.46
2015-09-30,8.82,9.46,8.82,9.46,11439200,9.46
2015-09-29,8.61,8.75,8.41,8.60,2680700,8.60
2015-09-28,8.37,8.37,8.37,8.37,000,8.37
2015-09-25,9.07,9.07,8.28,8.37,4518500,8.37
2015-09-24,8.99,9.20,8.88,9.01,3723600,9.01
2015-09-23,8.70,9.20,8.56,8.89,5535100,8.89
2015-09-22,8.75,9.08,8.63,8.90,5924900,8.90
2015-09-21,8.01,8.63,8.00,8.61,5180700,8.61
2015-09-18,7.99,8.28,7.81,8.18,3340300,8.18
2015-09-17,8.28,8.46,7.91,8.01,4906600,8.01
2015-09-16,7.36,8.10,7.36,8.10,4230600,8.10
2015-09-15,7.71,8.06,7.35,7.36,3587800,7.36
2015-09-14,9.13,9.16,8.17,8.17,3348700,8.17
2015-09-11,9.05,9.23,8.92,9.08,2588500,9.08
2015-09-10,9.10,9.27,8.95,9.01,3313400,9.01
2015-09-09,8.80,9.33,8.78,9.18,5429600,9.18
2015-09-08,8.00,8.84,7.91,8.76,3669400,8.76
2015-09-07,7.85,8.18,7.84,8.04,3429700,8.04
2015-09-04,7.61,7.61,7.61,7.61,000,7.61
2015-09-03,7.61,7.61,7.61,7.61,000,7.61
2015-09-02,7.86,8.53,7.36,7.61,4318700,7.61
2015-09-01,8.95,8.95,8.16,8.18,4336800,8.18
2015-08-31,9.38,9.45,8.98,9.00,3903200,9.00
2015-08-28,8.99,9.57,8.82,9.52,7577400,9.52
2015-08-27,8.45,8.80,8.19,8.70,4195100,8.70
2015-08-26,8.41,8.85,7.90,8.21,5858600,8.21
2015-08-25,8.55,8.93,8.24,8.24,5504000,8.24
2015-08-24,9.56,9.98,9.16,9.16,5073300,9.16
2015-08-21,10.50,10.85,10.18,10.18,6762300,10.18
2015-08-20,11.60,11.88,11.08,11.10,6321000,11.10
2015-08-19,11.08,12.14,10.60,11.90,8538400,11.90
2015-08-18,12.95,13.04,11.70,11.70,9352400,11.70
2015-08-17,12.62,13.14,12.30,13.00,9260100,13.00
2015-08-14,12.21,13.08,12.15,12.60,13701300,12.60
2015-08-13,11.57,12.29,11.33,12.20,10965800,12.20
2015-08-12,11.90,12.30,11.64,11.66,9353100,11.66
2015-08-11,11.91,12.30,11.78,12.09,10273000,12.09
2015-08-10,11.52,12.12,11.28,12.03,10815200,12.03
2015-08-07,11.00,11.47,10.88,11.32,10532600,11.32
2015-08-06,10.00,10.99,9.91,10.87,10064100,10.87
2015-08-05,10.33,10.69,10.10,10.33,9250200,10.33
2015-08-04,9.34,10.23,9.28,10.23,9539600,10.23
2015-08-03,10.14,10.14,9.19,9.30,5306100,9.30
2015-07-31,10.14,10.63,10.01,10.19,5015300,10.19
2015-07-30,10.90,11.27,10.45,10.52,8856100,10.52
2015-07-29,10.60,11.08,9.99,11.04,8516400,11.04
2015-07-28,10.41,11.41,10.41,10.41,15444400,10.41
2015-07-27,12.00,12.63,11.57,11.57,11856300,11.57
2015-07-24,13.22,13.74,12.80,12.86,14471900,12.86
2015-07-23,12.99,13.40,12.75,13.27,15703300,13.27
2015-07-22,13.03,13.40,12.72,13.01,10826300,13.01
2015-07-21,12.60,14.30,12.30,13.40,18940200,13.40
2015-07-20,12.45,13.00,11.70,13.00,16477900,13.00
2015-07-17,11.17,12.29,11.17,12.27,14993000,12.27
2015-07-16,10.80,11.58,9.75,11.17,15010100,11.17
2015-07-15,10.93,10.93,9.70,10.83,22922700,10.83
2015-07-14,9.94,9.94,9.94,9.94,286200,9.94
2015-07-13,9.04,9.04,9.04,9.04,000,9.04
2015-07-10,9.04,9.04,9.04,9.04,000,9.04
2015-07-09,9.04,9.04,9.04,9.04,000,9.04
2015-07-08,9.04,9.04,9.04,9.04,000,9.04
2015-07-07,9.04,9.04,9.04,9.04,000,9.04
2015-07-06,10.40,10.85,8.96,9.04,9904200,9.04
2015-07-03,10.48,11.05,9.86,9.86,10227800,9.86
2015-07-02,11.66,12.15,10.96,10.96,9262900,10.96
2015-07-01,12.59,13.50,11.95,12.18,15217100,12.18
2015-06-30,11.21,13.07,11.12,12.59,11362800,12.59
2015-06-29,13.74,14.10,12.36,12.36,3971700,12.36
2015-06-26,14.50,14.75,13.73,13.73,5814600,13.73
2015-06-25,16.59,16.69,15.01,15.26,7093900,15.26
2015-06-24,16.10,16.49,15.69,16.36,5581700,16.36
2015-06-23,16.07,16.65,14.59,16.04,5605000,16.04
2015-06-22,16.02,16.02,16.02,16.02,000,16.02
2015-06-19,16.98,17.18,15.90,16.02,6544200,16.02
2015-06-18,18.55,19.10,17.25,17.49,4984400,17.49
2015-06-17,18.50,18.82,17.20,18.76,7015000,18.76
2015-06-16,19.33,19.89,18.48,18.51,10140700,18.51
2015-06-15,19.45,20.57,18.70,20.15,16639800,20.15
2015-06-12,19.20,19.57,19.05,19.40,7485300,19.40
2015-06-11,19.52,19.52,18.92,19.15,9608100,19.15
2015-06-10,19.02,19.96,18.77,19.54,8164400,19.54
2015-06-09,19.00,19.46,18.50,19.38,8139500,19.38
2015-06-08,20.22,20.38,18.78,19.24,8673000,19.24
2015-06-05,20.58,20.88,19.68,20.20,8746000,20.20
2015-06-04,21.00,21.00,18.96,20.40,8653800,20.40
2015-06-03,21.75,21.75,20.46,21.06,11506400,21.06
2015-06-02,21.29,21.86,20.80,21.86,14356800,21.86
2015-06-01,20.41,21.29,20.29,21.22,13903000,21.22
2015-05-29,19.18,20.22,18.03,20.03,12487200,20.03
2015-05-28,19.89,21.60,19.28,19.33,18574200,19.33
2015-05-27,19.45,20.12,18.91,19.89,15026800,19.89
2015-05-26,19.18,19.84,18.91,19.46,14861800,19.46
2015-05-25,19.10,19.55,18.10,18.92,12588700,18.92
2015-05-22,20.43,20.80,19.40,19.66,11936700,19.66
2015-05-21,20.38,20.98,19.58,20.41,13359900,20.41
2015-05-20,18.58,20.56,18.40,20.22,11981100,20.22
2015-05-19,18.43,19.40,17.00,19.15,13817300,19.15
2015-05-18,16.95,17.79,16.60,17.79,10880300,8.82
2015-05-15,15.75,17.445,15.405,16.50,10873400,8.18
2015-05-14,31.62,32.37,30.30,31.79,8725700,15.761
2015-05-13,30.46,32.39,29.13,31.62,10150800,15.677
2015-05-12,28.39,30.66,28.39,30.00,15559700,14.874
2015-05-11,25.51,27.87,25.50,27.87,13446700,13.818
2015-05-08,24.47,25.40,24.12,25.34,9769700,12.563
2015-05-07,24.42,24.78,24.02,24.11,5765400,11.953
2015-05-06,24.53,25.38,24.33,24.50,4858200,12.147
2015-05-05,25.60,25.73,24.30,24.61,4500400,12.201
2015-05-04,26.32,26.58,25.25,25.48,6522800,12.633
2015-05-01,26.44,26.44,26.44,26.44,000,13.109
2015-04-30,26.80,27.49,26.42,26.44,3976400,13.109
2015-04-29,25.50,26.87,25.50,26.70,2424000,13.237
2015-04-28,27.57,27.58,25.78,26.05,4009300,12.915
2015-04-27,27.60,28.38,27.40,27.63,3693000,13.699
2015-04-24,27.50,27.84,26.72,27.50,4648400,13.634
2015-04-23,27.82,28.28,27.65,27.96,5776700,13.862
2015-04-22,27.60,28.97,27.38,27.75,7160100,13.758
2015-04-21,25.40,27.37,25.38,27.10,6893000,13.436
2015-04-20,27.59,27.59,25.18,25.41,7126500,12.598
2015-04-17,28.43,28.74,27.50,27.90,7303000,13.832
2015-04-16,27.50,31.00,27.50,28.77,8626500,14.264
2015-04-15,32.11,34.19,28.78,28.78,13163500,14.269
2015-04-14,29.50,32.00,28.30,31.98,9035500,15.855
2015-04-13,26.53,29.18,26.53,29.18,5301900,14.467
2015-04-10,25.00,26.70,24.30,26.53,4422500,13.153
2015-04-09,25.00,25.30,23.80,25.00,3593300,12.395
2015-04-08,25.36,25.97,24.30,25.33,3956700,12.558
2015-04-07,23.70,26.04,23.52,25.35,7013600,12.568
2015-04-06,23.70,23.70,23.70,23.70,000,11.75
2015-04-03,22.51,24.12,21.90,23.70,6943800,11.75
2015-04-02,22.35,22.98,22.22,22.51,3807800,11.16
2015-04-01,21.50,22.52,21.10,22.50,5018400,11.155
2015-03-31,21.10,21.77,20.68,21.50,7753400,10.659
2015-03-30,21.72,21.72,21.72,21.72,000,10.768
2015-03-27,21.20,21.82,20.80,21.72,5895100,10.768
2015-03-26,22.22,23.22,21.50,21.71,11802800,10.763
2015-03-25,19.95,22.18,19.95,22.18,15064600,10.996
2015-03-24,20.22,20.80,19.28,20.16,8599300,9.995
2015-03-23,19.38,20.21,19.23,20.17,8649000,10.00
2015-03-20,19.39,19.49,19.01,19.41,7073300,9.623
2015-03-19,19.71,19.84,19.00,19.32,8772500,9.579
2015-03-18,19.79,19.96,19.60,19.76,6896500,9.797
2015-03-17,19.60,20.00,18.77,20.00,15904700,9.916
2015-03-16,19.76,20.63,19.57,19.60,10133200,9.717
2015-03-13,19.90,19.90,19.00,19.77,4238000,9.802
2015-03-12,20.13,20.43,18.51,19.75,5854900,9.792
2015-03-11,20.08,20.98,19.60,20.25,6114700,10.04
2015-03-10,18.69,20.33,18.69,20.04,5293800,9.936
2015-03-09,17.90,18.87,17.76,18.69,5252700,9.266
2015-03-06,19.96,19.96,17.71,17.75,9946200,8.80
2015-03-05,19.50,20.20,18.71,19.49,5701300,9.663
2015-03-04,17.75,19.56,17.75,19.10,10623900,9.469
2015-03-03,17.90,18.02,17.30,17.78,7778000,8.815
2015-03-02,18.10,18.40,17.50,17.93,8177500,8.889
2015-02-27,16.80,18.37,16.26,18.07,10127500,8.959
2015-02-26,16.15,17.26,16.00,16.70,8618000,8.28
2015-02-25,16.53,16.78,15.90,16.10,4493600,7.982
2015-02-24,16.39,16.39,16.39,16.39,000,8.126
2015-02-23,16.39,16.39,16.39,16.39,000,8.126
2015-02-20,16.39,16.39,16.39,16.39,000,8.126
2015-02-19,16.39,16.39,16.39,16.39,000,8.126
2015-02-18,16.39,16.39,16.39,16.39,000,8.126
2015-02-17,16.04,16.56,15.72,16.39,7850700,8.126
2015-02-16,15.26,16.70,15.20,16.01,14427100,7.938
2015-02-13,13.54,15.18,13.53,15.18,17842600,7.526
2015-02-12,13.62,13.99,13.45,13.80,8390000,6.842
2015-02-11,12.51,13.60,12.45,13.60,9634900,6.743
2015-02-10,12.22,12.48,12.11,12.48,2373600,6.187
2015-02-09,12.54,12.67,12.15,12.21,3002500,6.054
2015-02-06,13.00,13.03,12.31,12.50,4218000,6.197
2015-02-05,13.08,13.35,13.01,13.07,5433500,6.48
2015-02-04,12.99,13.17,12.98,13.01,3572300,6.45
2015-02-03,12.77,13.06,12.77,13.00,4199200,6.445
2015-02-02,13.00,13.12,12.71,12.79,3626900,6.341
2015-01-30,13.16,13.25,12.90,13.13,5066900,6.51
2015-01-29,13.27,13.41,13.11,13.13,4093000,6.51
2015-01-28,13.30,13.56,13.16,13.36,7229000,6.624
2015-01-27,12.98,13.22,12.87,13.22,6900800,6.554
2015-01-26,12.81,12.98,12.75,12.98,4970800,6.435
2015-01-23,13.10,13.16,12.80,12.83,4999200,6.361
2015-01-22,12.96,13.10,12.82,13.07,6465000,6.48
2015-01-21,12.74,13.07,12.67,12.96,7957300,6.425
2015-01-20,12.28,12.75,12.28,12.74,7537700,6.316
2015-01-19,12.28,12.80,12.03,12.26,10430700,6.078
2015-01-16,12.26,12.57,12.26,12.45,10423900,6.173
2015-01-15,12.01,12.20,11.97,12.12,5251700,6.009
2015-01-14,11.95,12.17,11.90,12.02,5826700,5.959
2015-01-13,11.68,11.98,11.68,11.97,3855500,5.935
2015-01-12,12.01,12.05,11.68,11.75,4638200,5.825
2015-01-09,12.00,12.17,11.97,12.01,8333400,5.954
2015-01-08,12.00,12.20,11.95,12.06,9550500,5.979
2015-01-07,12.14,12.16,11.92,12.07,10106700,5.984
2015-01-06,11.95,12.21,11.67,12.19,19232500,6.044
2015-01-05,12.14,12.25,12.02,12.14,13494100,6.019
2015-01-02,13.35,13.35,13.35,13.35,000,6.619
2015-01-01,13.35,13.35,13.35,13.35,000,6.619
2014-12-31,13.35,13.35,13.35,13.35,818600,6.619
2014-12-30,14.83,14.83,14.83,14.83,000,7.352
2014-12-29,14.83,14.83,14.83,14.83,000,7.352
2014-12-26,14.83,14.83,14.83,14.83,000,7.352
2014-12-25,14.83,14.83,14.83,14.83,000,7.352
2014-12-24,14.83,14.83,14.83,14.83,000,7.352
2014-12-23,14.83,14.83,14.83,14.83,000,7.352
2014-12-22,14.83,14.83,14.83,14.83,000,7.352
2014-12-19,14.83,14.83,14.83,14.83,000,7.352
2014-12-18,14.83,14.83,14.83,14.83,000,7.352
2014-12-17,14.83,14.83,14.83,14.83,000,7.352
2014-12-16,14.83,14.83,14.83,14.83,000,7.352
2014-12-15,14.83,14.83,14.83,14.83,000,7.352
2014-12-12,14.83,14.83,14.83,14.83,000,7.352
2014-12-11,14.83,14.83,14.83,14.83,000,7.352
2014-12-10,14.83,14.83,14.83,14.83,000,7.352
2014-12-09,14.83,14.83,14.83,14.83,000,7.352
2014-12-08,14.83,14.83,14.83,14.83,000,7.352
2014-12-05,14.83,14.83,14.83,14.83,000,7.352
2014-12-04,14.83,14.83,14.83,14.83,000,7.352
2014-12-03,14.83,14.83,14.83,14.83,000,7.352
2014-12-02,14.83,14.83,14.83,14.83,000,7.352
2014-12-01,14.83,14.83,14.83,14.83,000,7.352
2014-11-28,14.83,14.83,14.83,14.83,000,7.352
2014-11-27,14.83,14.83,14.83,14.83,000,7.352
2014-11-26,14.83,14.83,14.83,14.83,000,7.352
2014-11-25,14.83,14.83,14.83,14.83,000,7.352
2014-11-24,14.83,14.83,14.83,14.83,000,7.352
2014-11-21,14.83,14.83,14.83,14.83,000,7.352
2014-11-20,14.83,14.83,14.83,14.83,000,7.352
2014-11-19,14.83,14.83,14.83,14.83,000,7.352
2014-11-18,14.83,14.83,14.83,14.83,000,7.352
2014-11-17,14.83,14.83,14.83,14.83,000,7.352
2014-11-14,14.83,14.83,14.83,14.83,000,7.352
2014-11-13,14.83,14.83,14.83,14.83,000,7.352
2014-11-12,14.83,14.83,14.83,14.83,000,7.352
2014-11-11,15.52,15.60,14.66,14.83,4567100,7.352
2014-11-10,16.26,16.30,15.25,15.52,4475500,7.695
2014-11-07,16.75,16.97,16.18,16.26,3051800,8.061
2014-11-06,16.25,16.87,16.05,16.70,4429500,8.28
2014-11-05,16.49,16.59,16.16,16.23,2198700,8.047
2014-11-04,16.37,16.60,16.06,16.49,3260500,8.175
2014-11-03,15.56,16.40,15.48,16.37,4286200,8.116
2014-10-31,15.20,15.70,15.20,15.50,2205300,7.685
2014-10-30,15.57,15.58,15.10,15.20,2115800,7.536
2014-10-29,15.50,15.70,15.38,15.50,2142400,7.685
2014-10-28,14.95,15.48,14.95,15.46,1668000,7.665
2014-10-27,14.50,14.96,14.23,14.93,2194000,7.402
2014-10-24,14.22,14.57,14.22,14.49,1892200,7.184
2014-10-23,15.04,15.31,14.11,14.20,3494400,7.04
2014-10-22,15.57,15.84,15.06,15.06,1653600,7.467
2014-10-21,15.72,15.96,15.50,15.59,1805500,7.729
2014-10-20,15.55,15.81,15.41,15.80,1768900,7.833
2014-10-17,15.90,15.95,15.33,15.44,3060000,7.655
2014-10-16,16.30,16.44,15.96,16.04,2235600,7.952
2014-10-15,16.10,16.36,15.89,16.32,2235400,8.091
2014-10-14,15.97,16.28,15.80,16.06,2763400,7.962
2014-10-13,16.32,16.43,15.70,16.00,4558200,7.933
2014-10-10,16.58,16.70,16.16,16.55,2668300,8.205
2014-10-09,16.84,17.01,16.09,16.57,4948600,8.215
2014-10-08,16.87,17.15,16.50,16.94,2178300,8.399
2014-10-07,16.88,16.88,16.88,16.88,000,8.369
2014-10-06,16.88,16.88,16.88,16.88,000,8.369
2014-10-03,16.88,16.88,16.88,16.88,000,8.369
2014-10-02,16.88,16.88,16.88,16.88,000,8.369
2014-10-01,16.88,16.88,16.88,16.88,000,8.369
2014-09-30,16.97,17.60,16.80,16.88,3667200,8.369
2014-09-29,16.48,17.68,16.35,17.10,5404900,8.478
2014-09-26,16.53,16.75,16.12,16.50,3681100,8.18
2014-09-25,16.68,16.99,16.10,16.48,7210200,8.171
2014-09-24,14.80,16.32,14.67,16.32,7435600,8.091
2014-09-23,14.70,14.92,14.68,14.84,2576000,7.357
2014-09-22,15.44,15.45,14.72,14.74,2831800,7.308
2014-09-19,15.35,15.56,15.18,15.43,1672200,7.65
2014-09-18,15.23,15.59,15.15,15.36,1659000,7.615
2014-09-17,15.21,15.46,15.01,15.27,3774400,7.571
2014-09-16,15.70,16.43,15.39,15.40,5962300,7.635
2014-09-15,15.20,15.79,15.14,15.75,3494800,7.809
2014-09-12,15.06,15.27,14.90,15.21,2421200,7.541
2014-09-11,15.00,15.40,14.71,15.19,4671700,7.531
2014-09-10,15.49,15.81,15.01,15.09,7128100,7.481
2014-09-09,15.29,16.70,14.71,15.25,10530200,7.561
2014-09-08,15.20,15.20,15.20,15.20,000,7.536
2014-09-05,14.02,15.42,14.02,15.20,12668800,7.536
2014-09-04,13.79,14.15,13.68,14.02,3146800,6.951
2014-09-03,13.84,13.87,13.55,13.79,4718200,6.837
2014-09-02,13.46,13.85,13.38,13.84,4903000,6.862
2014-09-01,12.93,13.55,12.93,13.45,5189900,6.668
2014-08-29,12.70,13.03,12.61,13.00,3766900,6.445
2014-08-28,12.63,12.75,12.49,12.74,4110700,6.316
2014-08-27,12.59,12.72,12.48,12.56,4062100,6.227
2014-08-26,12.90,13.12,12.54,12.56,6041600,6.227
2014-08-25,13.28,13.29,12.85,12.96,8047100,6.425
2014-08-22,14.38,14.38,13.27,13.39,16646100,6.639
2014-08-21,12.70,14.00,12.68,14.00,11353500,6.941
2014-08-20,12.60,12.74,12.40,12.73,3876900,6.311
2014-08-19,12.37,12.66,12.23,12.65,5005600,6.272
2014-08-18,12.08,12.59,12.02,12.47,5140500,6.182
2014-08-15,11.83,12.03,11.71,12.00,4013400,5.949
2014-08-14,12.05,12.12,11.80,11.84,3384800,5.87
2014-08-13,11.81,12.11,11.77,11.98,3915100,5.939
2014-08-12,11.85,11.91,11.76,11.86,2160200,5.88
2014-08-11,11.66,11.94,11.66,11.84,4027400,5.87
2014-08-08,11.43,11.68,11.38,11.65,3358000,5.776
2014-08-07,11.60,11.76,11.43,11.43,3661000,5.667
2014-08-06,11.56,11.64,11.44,11.60,3605600,5.751
2014-08-05,11.35,11.61,11.32,11.58,4478300,5.741
2014-08-04,11.27,11.44,11.18,11.35,2377100,5.627
2014-08-01,11.49,11.57,11.16,11.19,4172300,5.548
2014-07-31,11.35,11.63,11.23,11.58,5368900,5.741
2014-07-30,11.36,11.45,11.09,11.36,3826500,5.632
2014-07-29,11.15,11.41,11.11,11.26,3801100,5.583
2014-07-28,10.90,11.47,10.80,11.29,8447500,5.597
2014-07-25,10.52,11.57,10.52,11.15,14035700,5.528
2014-07-24,10.81,10.95,10.50,10.52,3505000,5.216
2014-07-23,11.10,11.17,10.79,10.91,2563100,5.409
2014-07-22,10.81,11.25,10.79,11.13,2657900,5.518
2014-07-21,11.14,11.15,10.70,10.81,3026400,5.359
2014-07-18,11.22,11.35,11.06,11.14,2380900,5.523
2014-07-17,11.35,11.39,11.21,11.31,1614900,5.607
2014-07-16,11.55,11.64,11.11,11.35,3421400,5.627
2014-07-15,11.60,11.62,11.31,11.53,3855700,5.716
2014-07-14,11.25,11.59,11.25,11.58,5488500,5.741
2014-07-11,11.05,11.16,10.90,11.13,3008000,5.518
2014-07-10,11.17,11.35,10.95,11.02,4342600,5.464
2014-07-09,11.35,11.62,11.20,11.20,4830200,5.553
2014-07-08,11.47,11.51,11.20,11.44,4008500,5.672
2014-07-07,11.38,11.55,11.17,11.46,5429700,5.682
2014-07-04,11.15,11.55,11.13,11.39,8211800,5.647
2014-07-03,11.59,11.69,11.27,11.31,12447900,5.607
2014-07-02,12.50,12.50,11.55,11.88,19581400,5.89
2014-07-01,10.95,11.99,10.82,11.99,10612000,5.944
2014-06-30,10.68,11.15,10.68,10.90,3317000,5.404
2014-06-27,10.77,10.83,10.60,10.68,2908300,5.295
2014-06-26,10.57,10.88,10.47,10.73,3325600,5.32
2014-06-25,10.25,10.52,10.17,10.52,2525000,5.216
2014-06-24,10.25,10.37,10.23,10.33,2011100,5.121
2014-06-23,10.20,10.45,10.12,10.34,2489600,5.126
2014-06-20,9.78,10.14,9.72,10.13,1684400,5.022
2014-06-19,10.10,10.22,9.70,9.75,1904700,4.834
2014-06-18,10.45,10.53,10.07,10.12,2866300,5.017
2014-06-17,10.25,10.59,10.16,10.45,3289400,5.181
2014-06-16,10.22,10.45,10.16,10.29,2416800,5.102
2014-06-13,9.91,10.18,9.91,10.15,2946100,5.032
2014-06-12,9.95,10.01,9.86,9.88,1551900,4.898
2014-06-11,9.80,10.03,9.80,9.95,2117300,4.933
2014-06-10,9.64,9.86,9.56,9.82,1654200,4.869
2014-06-09,9.65,9.84,9.60,9.67,1764100,4.794
2014-06-06,9.59,9.77,9.54,9.65,2452200,4.784
2014-06-05,9.40,9.62,9.40,9.61,1581500,4.764
2014-06-04,9.52,9.52,9.30,9.40,670600,4.66
2014-06-03,9.47,9.49,9.41,9.43,714800,4.675
2014-06-02,9.40,9.40,9.40,9.40,000,4.66
2014-05-30,9.35,9.45,9.23,9.40,827000,4.66
2014-05-29,9.58,9.63,9.29,9.37,1082900,4.645
2014-05-28,9.44,9.58,9.43,9.58,1670600,4.75
2014-05-27,9.47,9.50,9.38,9.40,785700,4.66
2014-05-26,9.36,9.49,9.36,9.48,1167800,4.70
2014-05-23,9.31,9.36,9.25,9.35,901000,4.636
2014-05-22,9.40,9.46,9.32,9.37,1226700,4.546
2014-05-21,9.37,9.40,8.78,9.38,708800,4.551
2014-05-20,9.50,9.51,9.31,9.38,1307700,4.551
2014-05-19,9.38,9.79,9.27,9.40,2077500,4.561
2014-05-16,9.20,9.67,9.05,9.40,1647500,4.561
2014-05-15,9.25,9.32,9.01,9.27,1207800,4.498
2014-05-14,9.37,9.37,9.23,9.26,546700,4.493
2014-05-13,9.21,9.35,9.21,9.34,864300,4.532
2014-05-12,9.06,9.27,9.01,9.25,1166600,4.488
2014-05-09,9.27,9.27,8.87,9.04,1283400,4.386
2014-05-08,9.16,9.31,9.16,9.26,620200,4.493
2014-05-07,9.27,9.30,9.20,9.21,709600,4.469
2014-05-06,9.22,9.39,9.16,9.34,978600,4.532
2014-05-05,9.25,9.25,9.18,9.21,753800,4.469
2014-05-02,9.20,9.20,9.20,9.20,000,4.464
2014-05-01,9.20,9.20,9.20,9.20,000,4.464
2014-04-30,8.96,9.25,8.90,9.20,996300,4.464
2014-04-29,8.72,8.97,8.72,8.94,1021100,4.338
2014-04-28,8.99,8.99,8.65,8.72,1276800,4.231
2014-04-25,9.44,9.44,8.97,8.99,1893400,4.362
2014-04-24,9.46,9.52,9.32,9.43,1906300,4.575
2014-04-23,10.03,10.03,9.32,9.45,6990600,4.585
2014-04-22,10.40,10.54,9.95,10.02,2762700,4.862
2014-04-21,10.24,10.51,10.22,10.40,2732300,5.046
2014-04-18,10.13,10.30,10.13,10.29,701100,4.993
2014-04-17,10.28,10.33,10.13,10.20,679000,4.949
2014-04-16,10.04,10.23,10.04,10.21,886600,4.954
2014-04-15,10.20,10.25,10.08,10.11,753700,4.905
2014-04-14,10.07,10.20,10.00,10.20,1024300,4.949
2014-04-11,10.24,10.24,9.99,10.07,1667200,4.886
2014-04-10,10.28,10.37,10.26,10.27,1361800,4.983
2014-04-09,10.17,10.30,10.16,10.28,1110900,4.988
2014-04-08,10.16,10.22,10.00,10.17,1063500,4.935
2014-04-07,10.17,10.17,10.17,10.17,000,4.935
2014-04-04,10.05,10.23,10.00,10.17,1067900,4.935
2014-04-03,10.05,10.18,10.00,10.15,996800,4.925
2014-04-02,10.29,10.35,10.04,10.05,998200,4.876
2014-04-01,9.95,10.30,9.95,10.29,846800,4.993
2014-03-31,9.97,10.30,9.96,10.09,987400,4.896
2014-03-28,10.32,10.55,9.96,10.00,1967800,4.852
2014-03-27,10.85,10.88,10.42,10.46,2326300,5.075
2014-03-26,10.71,10.94,10.71,10.90,2159700,5.289
2014-03-25,10.70,10.86,10.62,10.77,1630400,5.226
2014-03-24,10.73,10.89,10.62,10.71,2424500,5.197
2014-03-21,10.33,10.70,10.12,10.60,2394500,5.143
2014-03-20,10.88,10.89,10.38,10.38,3016600,5.036
2014-03-19,10.64,10.95,10.53,10.89,2709500,5.284
2014-03-18,10.51,10.73,10.47,10.64,1910500,5.163
2014-03-17,10.30,10.55,10.20,10.52,2030300,5.104
2014-03-14,10.19,10.33,10.16,10.29,1318000,4.993
2014-03-13,10.19,10.38,10.10,10.29,1332400,4.993
2014-03-12,10.18,10.32,9.99,10.14,1426300,4.92
2014-03-11,10.04,10.33,10.04,10.28,1400700,4.988
2014-03-10,10.75,10.88,10.03,10.20,3076800,4.949
2014-03-07,10.71,11.00,10.68,10.84,3805300,5.26
2014-03-06,10.48,10.78,10.26,10.65,3552300,5.167
2014-03-05,10.59,10.78,10.45,10.51,2268900,5.099
2014-03-04,10.50,10.57,10.37,10.50,2001800,5.095
2014-03-03,10.39,10.60,10.24,10.60,3114500,5.143
2014-02-28,10.20,10.44,10.00,10.38,2292100,5.036
2014-02-27,10.34,10.95,10.25,10.28,4624300,4.988
2014-02-26,10.30,10.40,9.70,10.25,4822800,4.973
2014-02-25,11.59,11.79,10.40,10.40,8154300,5.046
2014-02-24,11.28,11.55,11.12,11.55,4437600,5.604
2014-02-21,11.22,11.60,11.15,11.36,4336300,5.512
2014-02-20,11.36,11.85,11.01,11.17,4888300,5.42
2014-02-19,11.45,11.67,11.20,11.38,6003400,5.522
2014-02-18,11.31,11.80,11.25,11.50,8639600,5.58
2014-02-17,11.10,11.50,10.97,11.40,8249000,5.531
2014-02-14,10.34,11.28,10.34,11.20,8885100,5.434
2014-02-13,10.73,10.95,10.25,10.31,4538700,5.002
2014-02-12,10.45,10.94,10.39,10.77,4885400,5.226
2014-02-11,10.60,10.68,10.30,10.46,4284200,5.075
2014-02-10,10.25,10.67,10.18,10.61,5254500,5.148
2014-02-07,9.83,10.29,9.66,10.29,4343800,4.993
2014-02-06,9.99,9.99,9.99,9.99,000,4.847
2014-02-05,9.99,9.99,9.99,9.99,000,4.847
2014-02-03,9.99,9.99,9.99,9.99,000,4.847
2014-01-31,9.99,9.99,9.99,9.99,000,4.847
2014-01-30,10.22,10.26,9.95,9.99,2994400,4.847
2014-01-29,10.09,10.26,10.00,10.26,3096200,4.978
2014-01-28,10.11,10.26,9.86,10.00,3721800,4.852
2014-01-27,10.25,10.48,10.11,10.18,4554100,4.939
2014-01-24,10.30,10.47,10.11,10.35,5025300,5.022
2014-01-23,9.86,10.49,9.85,10.29,7976900,4.993
2014-01-22,9.87,10.19,9.73,9.93,6390700,4.818
2014-01-21,9.28,9.97,9.28,9.93,7196800,4.818
2014-01-20,9.50,9.79,9.18,9.31,4296000,4.517
2014-01-17,9.33,9.79,9.33,9.60,5367800,4.658
2014-01-16,9.47,9.49,9.25,9.43,3924500,4.575
2014-01-15,9.25,9.58,9.15,9.45,6292300,4.585
2014-01-14,8.86,9.24,8.77,9.23,3379400,4.478
2014-01-13,8.66,8.81,8.63,8.80,1696800,4.27
2014-01-10,9.00,9.06,8.63,8.63,3595000,4.187
2014-01-09,9.40,9.43,8.93,9.01,3862200,4.372
2014-01-08,9.40,9.47,9.30,9.42,5389700,4.571
2014-01-07,8.82,9.37,8.82,9.35,4546500,4.537
2014-01-06,9.18,9.40,8.88,8.90,3613600,4.318
2014-01-03,9.25,9.25,9.09,9.18,2785800,4.454
2014-01-02,9.05,9.29,9.05,9.22,2706600,4.474
2014-01-01,9.05,9.05,9.05,9.05,000,4.391
2013-12-31,9.02,9.18,9.00,9.05,2217300,4.391
2013-12-30,8.97,9.19,8.91,9.04,2892900,4.386
2013-12-27,8.52,8.97,8.52,8.92,2537000,4.328
2013-12-26,8.69,8.80,8.56,8.58,2412000,4.163
2013-12-25,8.32,8.66,8.28,8.58,1983500,4.163
2013-12-24,8.17,8.46,8.17,8.32,1575400,4.037
2013-12-23,7.95,8.50,7.95,8.26,2949300,4.008
2013-12-20,8.93,8.98,8.62,8.62,1604800,4.182
2013-12-19,9.17,9.35,8.93,8.93,2082700,4.333
2013-12-18,9.40,9.46,9.14,9.20,2537100,4.464
2013-12-17,9.14,9.48,9.10,9.38,4801700,4.551
2013-12-16,9.05,9.22,9.00,9.12,2333500,4.425
2013-12-13,8.92,9.08,8.76,9.05,1753500,4.391
2013-12-12,8.77,9.01,8.76,8.92,2341900,4.328
2013-12-11,8.86,8.95,8.68,8.75,1618600,4.246
2013-12-10,8.82,8.96,8.82,8.89,1680600,4.313
2013-12-09,8.77,8.86,8.70,8.82,1904300,4.279
2013-12-06,8.67,8.77,8.65,8.70,1427400,4.221
2013-12-05,8.73,8.84,8.60,8.75,2283900,4.246
2013-12-04,8.77,8.94,8.68,8.76,2749300,4.25
2013-12-03,8.87,8.87,8.46,8.76,2819600,4.25
2013-12-02,9.40,9.51,8.90,8.90,5776600,4.318
2013-11-29,9.48,9.89,9.48,9.89,4804900,4.799
2013-11-28,9.59,9.87,9.42,9.51,4373000,4.614
2013-11-27,9.40,9.66,9.33,9.57,2716000,4.643
2013-11-26,9.28,9.42,9.12,9.42,2116400,4.571
2013-11-25,9.15,9.38,9.13,9.21,1980800,4.469
2013-11-22,9.04,9.25,9.04,9.19,2096900,4.459
2013-11-21,9.29,9.30,8.98,9.08,2570500,4.406
2013-11-20,9.13,9.33,9.07,9.26,1938800,4.493
2013-11-19,9.12,9.24,9.00,9.11,2352700,4.42
2013-11-18,8.99,9.24,8.98,9.20,2051800,4.464
2013-11-15,8.83,9.08,8.76,8.92,2090100,4.328
2013-11-14,8.51,8.83,8.50,8.83,1161800,4.284
2013-11-13,8.88,8.89,8.58,8.61,1056600,4.178
2013-11-12,8.76,8.85,8.68,8.82,942200,4.279
2013-11-11,8.60,8.79,8.46,8.72,439900,4.231
2013-11-08,8.64,8.64,8.45,8.54,560300,4.144
2013-11-07,8.74,8.80,8.51,8.57,828000,4.158
2013-11-06,8.98,9.03,8.70,8.73,1127900,4.236
2013-11-05,8.84,9.02,8.79,9.00,1125200,4.367
2013-11-04,8.78,8.99,8.70,8.83,624200,4.284
2013-11-01,8.74,8.79,8.61,8.70,857000,4.221
2013-10-31,8.69,8.97,8.56,8.83,1711600,4.284
2013-10-30,8.49,8.70,8.46,8.68,1526500,4.212
2013-10-29,9.49,9.53,8.51,8.55,4408200,4.148
2013-10-28,9.35,9.46,9.22,9.46,1238700,4.59
2013-10-25,9.63,9.80,9.26,9.34,2176000,4.532
2013-10-24,9.77,9.89,9.60,9.64,2034600,4.677
2013-10-23,9.99,10.13,9.51,9.78,3323000,4.745
2013-10-22,10.29,10.29,9.81,9.95,5579000,4.828
2013-10-21,10.08,10.60,9.88,10.26,6804100,4.978
2013-10-18,9.15,9.98,9.06,9.86,6131100,4.784
2013-10-17,9.10,9.24,8.95,9.15,2060000,4.44
2013-10-16,9.31,9.49,8.95,9.04,2226100,4.386
2013-10-15,9.20,9.47,9.20,9.31,3274800,4.517
2013-10-14,9.11,9.25,9.04,9.12,1834800,4.425
2013-10-11,8.86,9.11,8.86,9.11,1658000,4.42
2013-10-10,8.89,9.03,8.85,8.88,1461400,4.309
2013-10-09,8.83,8.94,8.80,8.91,1105600,4.323
2013-10-08,8.86,8.93,8.73,8.83,1400000,4.284
2013-10-07,8.74,8.74,8.74,8.74,000,4.241
2013-10-04,8.74,8.74,8.74,8.74,000,4.241
2013-10-03,8.74,8.74,8.74,8.74,000,4.241
2013-10-02,8.74,8.74,8.74,8.74,000,4.241
2013-10-01,8.74,8.74,8.74,8.74,000,4.241
2013-09-30,8.76,8.85,8.73,8.74,801700,4.241
2013-09-27,8.65,8.81,8.52,8.71,1394600,4.226
2013-09-26,9.01,9.05,8.67,8.67,2526700,4.207
2013-09-25,9.20,9.28,9.02,9.07,1965500,4.401
2013-09-24,9.01,9.25,8.90,9.19,2991300,4.459
2013-09-23,8.98,9.06,8.88,9.01,1806100,4.372
2013-09-20,8.89,8.89,8.89,8.89,000,4.313
2013-09-18,8.87,9.01,8.80,8.89,1445300,4.313
2013-09-17,9.09,9.27,8.82,8.85,2026200,4.294
2013-09-16,9.30,9.36,9.00,9.22,2487100,4.474
2013-09-13,9.30,9.57,9.16,9.23,2421600,4.478
2013-09-12,9.19,9.50,9.03,9.32,4488800,4.522
2013-09-11,9.10,9.47,8.67,9.26,7836500,4.493
2013-09-10,8.71,9.10,8.68,9.10,4278400,4.415
2013-09-09,8.80,8.84,8.66,8.74,2543700,4.241
2013-09-06,8.79,8.85,8.61,8.76,3440900,4.25
2013-09-05,8.98,8.98,8.73,8.82,3832500,4.279
2013-09-04,8.67,9.23,8.52,8.94,8737500,4.338
2013-09-03,8.50,8.87,8.50,8.73,7426800,4.236
2013-09-02,8.21,8.35,8.12,8.34,1620600,4.047
2013-08-30,8.42,8.55,8.21,8.26,3449800,4.008
2013-08-29,8.58,8.78,8.44,8.47,3665000,4.11
2013-08-28,8.41,8.79,8.35,8.58,5480200,4.163
2013-08-27,8.46,8.56,8.26,8.49,2985800,4.119
2013-08-26,8.28,8.41,8.15,8.38,2855000,4.066
2013-08-23,8.38,8.51,8.09,8.20,3626800,3.979
2013-08-22,8.32,8.57,8.32,8.44,4009400,4.095
2013-08-21,8.42,8.48,8.25,8.32,2728700,4.037
2013-08-20,8.37,8.45,8.28,8.42,2818000,4.085
2013-08-19,8.21,8.42,8.14,8.37,2379200,4.061
2013-08-16,8.24,8.46,8.08,8.12,4445600,3.94
2013-08-15,8.59,8.59,8.35,8.36,4667500,4.056
2013-08-14,8.73,8.76,8.51,8.66,8202900,4.202
2013-08-13,9.53,9.53,8.83,8.89,14875700,4.313
2013-08-12,8.66,8.66,8.66,8.66,331700,4.202
2013-08-09,7.87,7.87,7.87,7.87,000,3.819
2013-08-08,7.87,7.87,7.87,7.87,000,3.819
2013-08-07,7.87,7.87,7.87,7.87,000,3.819
2013-08-06,7.87,7.87,7.87,7.87,000,3.819
2013-08-05,7.87,7.87,7.87,7.87,000,3.819
2013-08-02,7.87,7.87,7.87,7.87,000,3.819
2013-08-01,7.87,7.87,7.87,7.87,000,3.819
2013-07-31,7.87,7.87,7.87,7.87,000,3.819
2013-07-30,7.87,7.87,7.87,7.87,000,3.819
2013-07-29,7.87,7.87,7.87,7.87,000,3.819
2013-07-26,7.87,7.87,7.87,7.87,000,3.819
2013-07-25,7.87,7.87,7.87,7.87,000,3.819
2013-07-24,7.87,7.87,7.87,7.87,000,3.819
2013-07-23,7.87,7.87,7.87,7.87,000,3.819
2013-07-22,7.87,7.87,7.87,7.87,000,3.819
2013-07-19,7.87,7.87,7.87,7.87,000,3.819
2013-07-18,7.87,7.87,7.87,7.87,000,3.819
2013-07-17,7.87,7.87,7.87,7.87,000,3.819
2013-07-16,7.87,7.87,7.87,7.87,000,3.819
2013-07-15,7.87,7.87,7.87,7.87,000,3.819
2013-07-12,7.70,7.97,7.58,7.87,3149400,3.819
2013-07-11,7.33,7.79,7.33,7.65,3015700,3.712
2013-07-10,7.15,7.25,7.11,7.23,798200,3.508
2013-07-09,6.93,7.08,6.93,7.08,658300,3.435
2013-07-08,7.31,7.31,6.80,6.96,1386100,3.377
2013-07-05,7.32,7.43,7.32,7.36,916600,3.571
2013-07-04,7.31,7.48,7.29,7.38,1786100,3.581
2013-07-03,7.27,7.39,7.15,7.39,1381400,3.586
2013-07-02,7.39,7.40,7.24,7.36,1693600,3.571
2013-07-01,7.05,7.37,7.02,7.36,1113400,3.571
2013-06-28,7.09,7.35,7.01,7.05,695900,3.421
2013-06-27,7.35,7.50,7.11,7.16,797100,3.474
2013-06-26,7.18,7.42,7.08,7.41,1007000,3.595
2013-06-25,7.03,7.33,6.61,7.26,1253400,3.523
2013-06-24,7.57,7.59,6.80,7.05,1140300,3.421
2013-06-21,7.48,7.65,7.29,7.55,767800,3.663
2013-06-20,7.79,7.90,7.50,7.53,1103900,3.654
2013-06-19,7.67,7.95,7.44,7.89,1268600,3.828
2013-06-18,7.73,7.81,7.56,7.79,935800,3.78
2013-06-17,7.55,7.84,7.54,7.79,1108500,3.78
2013-06-14,7.50,7.68,7.50,7.66,1150000,3.717
2013-06-13,7.73,7.79,7.22,7.45,973100,3.615
2013-06-12,7.70,7.70,7.70,7.70,000,3.736
2013-06-11,7.70,7.70,7.70,7.70,000,3.736
2013-06-10,7.70,7.70,7.70,7.70,000,3.736
2013-06-07,7.94,8.02,7.68,7.70,1379900,3.736
2013-06-06,8.12,8.21,7.90,7.92,2209400,3.843
2013-06-05,8.20,8.50,8.15,8.19,3531600,3.974
2013-06-04,8.43,8.43,8.12,8.25,3577900,3.906
2013-06-03,8.42,8.59,8.33,8.45,3907200,4.001
2013-05-31,8.05,8.56,8.05,8.45,8001300,4.001
2013-05-30,8.00,8.11,7.99,8.05,1439000,3.811
2013-05-29,7.98,8.11,7.98,8.06,1294400,3.816
2013-05-28,8.19,8.19,7.92,7.97,2101000,3.773
2013-05-27,8.10,8.21,8.03,8.20,2384000,3.882
2013-05-24,7.92,8.10,7.92,8.09,1762500,3.83
2013-05-23,8.01,8.15,7.90,7.92,1959900,3.75
2013-05-22,8.23,8.25,7.95,8.00,2703200,3.788
2013-05-21,8.05,8.23,7.98,8.23,3753800,3.896
2013-05-20,7.90,8.04,7.80,8.02,3145700,3.797
2013-05-17,7.80,8.10,7.65,7.89,2761800,3.735
2013-05-16,7.75,7.86,7.49,7.83,3951200,3.707
2013-05-15,7.48,7.84,7.44,7.81,3594600,3.698
2013-05-14,7.66,7.71,7.40,7.48,1379100,3.541
2013-05-13,7.54,7.74,7.54,7.66,2543000,3.627
2013-05-10,7.40,7.58,7.39,7.53,2047000,3.565
2013-05-09,7.42,7.49,7.31,7.40,1584700,3.503
2013-05-08,7.37,7.45,7.28,7.44,1605400,3.522
2013-05-07,7.23,7.36,7.22,7.33,1234100,3.47
2013-05-06,7.27,7.31,7.16,7.28,895300,3.447
2013-05-03,7.06,7.25,7.06,7.14,626600,3.38
2013-05-02,7.03,7.19,6.90,7.05,455500,3.338
2013-05-01,7.03,7.03,7.03,7.03,000,3.328
2013-04-30,7.03,7.03,7.03,7.03,000,3.328
2013-04-29,7.03,7.03,7.03,7.03,000,3.328
2013-04-26,7.19,7.26,7.03,7.03,793500,3.328
2013-04-25,7.22,7.32,7.16,7.19,1145600,3.404
2013-04-24,7.14,7.28,7.11,7.23,842500,3.423
2013-04-23,7.27,7.29,7.05,7.12,693400,3.371
2013-04-22,7.25,7.26,7.18,7.24,598600,3.428
2013-04-19,7.11,7.28,7.11,7.27,791400,3.442
2013-04-18,7.06,7.15,7.00,7.13,422300,3.376
2013-04-17,7.11,7.11,7.02,7.11,358200,3.366
2013-04-16,7.02,7.09,6.93,7.08,692000,3.352
2013-04-15,7.16,7.16,7.00,7.03,527700,3.328
2013-04-12,7.20,7.26,7.16,7.18,222300,3.399
2013-04-11,7.30,7.31,7.20,7.20,482600,3.409
2013-04-10,7.32,7.35,7.21,7.27,310000,3.442
2013-04-09,7.15,7.34,7.15,7.32,591300,3.466
2013-04-08,7.16,7.20,7.00,7.19,581000,3.404
2013-04-05,7.20,7.20,7.20,7.20,000,3.409
2013-04-04,7.20,7.20,7.20,7.20,000,3.409
2013-04-03,7.30,7.34,7.18,7.20,481900,3.409
2013-04-02,7.36,7.41,7.27,7.28,426000,3.447
2013-04-01,7.38,7.38,7.26,7.32,234600,3.466
2013-03-29,7.44,7.44,7.30,7.31,360400,3.461
2013-03-28,7.59,7.59,7.30,7.30,1280800,3.456
2013-03-27,7.57,7.73,7.56,7.61,721300,3.603
2013-03-26,7.72,7.73,7.54,7.61,782800,3.603
2013-03-25,7.82,7.91,7.75,7.77,745200,3.679
2013-03-22,7.77,8.02,7.75,7.84,1119600,3.712
2013-03-21,7.71,7.80,7.71,7.77,1140000,3.679
2013-03-20,7.51,7.73,7.51,7.71,1290900,3.65
2013-03-19,7.50,7.62,7.33,7.53,939000,3.565
2013-03-18,7.61,7.76,7.50,7.50,1026100,3.551
2013-03-15,7.66,7.86,7.58,7.77,1191200,3.679
2013-03-14,7.66,7.78,7.63,7.66,645400,3.627
2013-03-13,7.73,7.74,7.53,7.65,795400,3.622
2013-03-12,8.05,8.05,7.66,7.75,1731300,3.669
2013-03-11,7.91,8.04,7.88,8.03,1443600,3.802
2013-03-08,7.84,8.02,7.84,7.90,1651700,3.74
2013-03-07,7.97,8.04,7.81,7.86,1985800,3.721
2013-03-06,7.84,8.04,7.84,8.01,2230300,3.792
2013-03-05,7.62,7.89,7.62,7.89,1498300,3.735
2013-03-04,8.05,8.06,7.66,7.67,2586700,3.631
2013-03-01,7.98,8.11,7.93,8.08,2247700,3.825
2013-02-28,7.82,7.96,7.81,7.96,1411600,3.769
2013-02-27,8.03,8.16,7.76,7.83,2842200,3.707
2013-02-26,8.15,8.26,8.02,8.03,3962300,3.802
2013-02-25,8.37,8.73,8.15,8.25,6797400,3.906
2013-02-22,8.26,8.79,8.26,8.46,6769400,4.005
2013-02-21,8.20,9.04,8.00,8.48,11055000,4.015
2013-02-20,7.98,8.22,7.86,8.22,3562700,3.892
2013-02-19,8.14,8.14,7.89,7.96,2131500,3.769
2013-02-18,8.02,8.17,7.99,8.14,2259300,3.854
2013-02-15,8.01,8.01,8.01,8.01,000,3.792
2013-02-14,8.01,8.01,8.01,8.01,000,3.792
2013-02-13,8.01,8.01,8.01,8.01,000,3.792
2013-02-12,8.01,8.01,8.01,8.01,000,3.792
2013-02-11,8.01,8.01,8.01,8.01,000,3.792
2013-02-08,7.94,8.04,7.91,8.01,2322400,3.792
2013-02-07,7.95,8.00,7.90,7.92,1065800,3.75
2013-02-06,7.86,8.07,7.82,8.00,2311500,3.788
2013-02-05,7.74,7.98,7.73,7.92,1295000,3.75
2013-02-04,7.95,7.95,7.71,7.79,1088300,3.688
2013-02-01,7.82,7.85,7.75,7.80,1181900,3.693
2013-01-31,7.86,7.91,7.73,7.82,1141300,3.702
2013-01-30,7.86,7.95,7.76,7.86,1298100,3.721
2013-01-29,7.83,7.95,7.79,7.86,1525400,3.721
2013-01-28,7.55,7.83,7.55,7.82,1074500,3.702
2013-01-25,7.60,7.72,7.56,7.69,964800,3.641
2013-01-24,7.99,7.99,7.55,7.68,2366600,3.636
2013-01-23,7.81,7.93,7.63,7.68,2300200,3.636
2013-01-22,7.97,8.13,7.80,7.88,2365300,3.731
2013-01-21,7.97,8.09,7.94,7.99,1773200,3.783
2013-01-18,7.87,8.05,7.82,7.98,2761800,3.778
2013-01-17,7.93,7.97,7.75,7.81,2147900,3.698
2013-01-16,8.12,8.12,7.88,7.98,3486300,3.778
2013-01-15,8.03,8.20,7.98,8.11,5226900,3.84
2013-01-14,7.80,8.03,7.78,7.99,4392600,3.783
2013-01-11,8.04,8.06,7.73,7.79,4670800,3.688
2013-01-10,8.05,8.18,7.95,8.03,5574400,3.802
2013-01-09,8.21,8.30,7.91,8.05,9819600,3.811
2013-01-08,8.83,8.99,8.21,8.38,16247500,3.967
2013-01-07,7.32,8.17,7.32,8.17,6014200,3.868
2013-01-04,7.40,7.45,7.23,7.43,2462800,3.518
2013-01-03,7.29,7.29,7.29,7.29,000,3.451
2013-01-02,7.29,7.29,7.29,7.29,000,3.451
2013-01-01,7.29,7.29,7.29,7.29,000,3.451
2012-12-31,7.22,7.34,7.20,7.29,1255300,3.451
2012-12-28,7.17,7.32,7.16,7.27,1485900,3.442
2012-12-27,7.50,7.50,7.19,7.20,2561400,3.409
2012-12-26,7.21,7.41,7.18,7.40,2020400,3.503
2012-12-25,7.12,7.27,7.03,7.23,1995900,3.423
2012-12-24,6.97,7.12,6.91,7.12,1660300,3.371
2012-12-21,6.94,7.04,6.87,7.03,1933700,3.328
2012-12-20,6.89,7.00,6.89,6.96,1270600,3.295
2012-12-19,6.90,7.04,6.88,6.94,1060500,3.286
2012-12-18,7.01,7.10,6.91,6.94,1390000,3.286
2012-12-17,6.98,7.08,6.90,7.00,2014500,3.314
2012-12-14,6.64,6.99,6.64,6.98,2558800,3.305
2012-12-13,6.63,6.77,6.60,6.70,1663400,3.172
2012-12-12,6.70,6.77,6.60,6.70,1527000,3.172
2012-12-11,6.81,6.84,6.72,6.73,1851900,3.186
2012-12-10,6.73,6.88,6.63,6.86,2386400,3.248
2012-12-07,6.54,6.75,6.46,6.70,1986000,3.172
2012-12-06,6.50,6.58,6.47,6.50,1269200,3.077
2012-12-05,6.32,6.60,6.25,6.52,1806400,3.087
2012-12-04,6.15,6.32,6.01,6.32,1500000,2.992
2012-12-03,6.54,6.54,6.06,6.15,820700,2.912
2012-11-30,6.43,6.50,6.35,6.50,1002200,3.077
2012-11-29,6.44,6.56,6.37,6.38,1081300,3.021
2012-11-28,6.67,6.67,6.40,6.46,1386900,3.058
2012-11-27,7.16,7.18,6.68,6.68,3027400,3.163
2012-11-26,7.33,7.36,7.13,7.18,1828100,3.399
2012-11-23,7.35,7.47,7.28,7.30,1476700,3.456
2012-11-22,7.51,7.51,7.28,7.36,2002500,3.485
2012-11-21,7.54,7.68,7.26,7.57,3661900,3.584
2012-11-20,7.43,7.77,7.35,7.61,4142300,3.603
2012-11-19,7.28,7.44,7.23,7.42,2047900,3.513
2012-11-16,7.15,7.37,7.09,7.34,2763100,3.475
2012-11-15,7.23,7.38,7.11,7.15,2764700,3.385
2012-11-14,7.45,7.53,7.17,7.37,5178400,3.489
2012-11-13,8.21,8.21,7.55,7.56,5960600,3.579
2012-11-12,7.80,8.44,7.80,8.33,7863300,3.944
2012-11-09,7.81,8.17,7.69,8.17,7466300,3.868
2012-11-08,8.29,8.29,7.85,7.96,8302600,3.769
2012-11-07,8.79,8.79,8.27,8.47,16720500,4.01
2012-11-06,7.92,8.25,7.92,8.25,4349800,3.906
2012-11-05,7.44,7.50,7.35,7.50,1337600,3.551
2012-11-02,7.37,7.44,7.32,7.44,1256500,3.522
2012-11-01,7.29,7.42,7.24,7.40,1317400,3.503
2012-10-31,7.20,7.32,7.18,7.30,784800,3.456
2012-10-30,7.26,7.28,7.17,7.23,1154400,3.423
2012-10-29,7.20,7.27,7.15,7.26,1302200,3.437
2012-10-26,7.52,7.57,7.20,7.20,4090000,3.409
2012-10-25,8.14,8.55,7.72,7.72,7657900,3.655
2012-10-24,7.91,8.03,7.80,7.96,3401900,3.769
2012-10-23,7.86,8.07,7.70,8.00,5631800,3.788
2012-10-22,7.78,7.95,7.78,7.86,2706200,3.721
2012-10-19,8.07,8.12,7.80,7.90,5052600,3.74
2012-10-18,7.95,8.14,7.75,8.13,11371700,3.849
2012-10-17,7.27,7.92,7.23,7.92,4977800,3.75
2012-10-16,7.27,7.31,7.18,7.20,470800,3.409
2012-10-15,7.45,7.45,7.12,7.19,744100,3.404
2012-10-12,7.46,7.48,7.35,7.45,567600,3.527
2012-10-11,7.51,7.58,7.37,7.38,766000,3.494
2012-10-10,7.43,7.59,7.38,7.54,929900,3.57
2012-10-09,7.23,7.45,7.23,7.44,818900,3.522
2012-10-08,7.23,7.29,7.22,7.26,428400,3.437
2012-10-05,7.27,7.27,7.27,7.27,000,3.442
2012-10-04,7.27,7.27,7.27,7.27,000,3.442
2012-10-03,7.27,7.27,7.27,7.27,000,3.442
2012-10-02,7.27,7.27,7.27,7.27,000,3.442
2012-10-01,7.27,7.27,7.27,7.27,000,3.442
2012-09-28,7.12,7.28,7.11,7.27,902200,3.442
2012-09-27,7.02,7.22,6.98,7.16,676500,3.39
2012-09-26,7.22,7.22,6.91,7.02,866000,3.324
2012-09-25,7.21,7.24,7.10,7.20,533600,3.409
2012-09-24,7.13,7.25,7.08,7.24,624400,3.428
2012-09-21,7.14,7.27,7.09,7.14,691200,3.38
2012-09-20,7.50,7.50,7.15,7.16,996200,3.39
2012-09-19,7.36,7.52,7.36,7.47,863200,3.537
2012-09-18,7.50,7.54,7.30,7.33,1056800,3.47
2012-09-17,7.85,7.88,7.45,7.50,1868000,3.551
2012-09-14,7.96,8.00,7.77,7.81,1629100,3.698
2012-09-13,8.12,8.13,7.90,7.90,3068900,3.74
2012-09-12,7.85,8.11,7.71,8.05,3606300,3.811
2012-09-11,7.82,7.95,7.72,7.84,1923700,3.712
2012-09-10,7.87,7.95,7.80,7.84,2759600,3.712
2012-09-07,7.73,7.93,7.56,7.85,4281000,3.716
2012-09-06,7.36,7.67,7.36,7.64,3305800,3.617
2012-09-05,7.17,7.45,7.05,7.45,2516800,3.527
2012-09-04,7.17,7.29,7.15,7.17,1783500,3.395
2012-09-03,7.11,7.25,7.05,7.21,1508000,3.413
2012-08-31,7.24,7.25,7.00,7.13,1630600,3.376
2012-08-30,7.88,8.00,7.05,7.24,3815400,3.428
2012-08-29,7.33,7.65,7.26,7.53,2712000,3.565
2012-08-28,7.19,7.42,7.19,7.33,907400,3.47
2012-08-27,7.54,7.54,7.25,7.26,1026200,3.437
2012-08-24,7.74,7.83,7.51,7.56,3404200,3.579
2012-08-23,7.43,8.27,7.43,7.88,7676500,3.731
2012-08-22,7.51,7.68,7.41,7.52,1810800,3.56
2012-08-21,7.30,7.60,7.30,7.51,2358400,3.556
2012-08-20,7.21,7.34,7.12,7.34,837900,3.475
2012-08-17,7.09,7.27,7.09,7.25,1382900,3.432
2012-08-16,7.14,7.25,7.13,7.13,843800,3.376
2012-08-15,7.31,7.38,7.16,7.17,2008200,3.395
2012-08-14,7.34,7.39,7.09,7.38,2359000,3.494
2012-08-13,7.45,7.56,7.33,7.35,1020900,3.48
2012-08-10,7.51,7.60,7.44,7.51,1427700,3.556
2012-08-09,7.41,7.53,7.33,7.52,924100,3.56
2012-08-08,7.45,7.57,7.30,7.37,1056400,3.489
2012-08-07,7.30,7.45,7.29,7.44,1320500,3.522
2012-08-06,7.12,7.36,7.08,7.32,1139400,3.466
2012-08-03,6.96,7.14,6.93,7.13,1317700,3.376
2012-08-02,7.11,7.11,6.95,6.96,747500,3.295
2012-08-01,6.99,7.17,6.99,7.07,480200,3.347
2012-07-31,7.21,7.34,6.96,6.98,801700,3.305
2012-07-30,7.70,7.72,7.16,7.21,913200,3.413
2012-07-27,7.78,7.79,7.66,7.70,437200,3.645
2012-07-26,7.77,7.86,7.70,7.76,368500,3.674
2012-07-25,7.80,7.81,7.69,7.78,753300,3.683
2012-07-24,7.68,7.82,7.66,7.80,401700,3.693
2012-07-23,7.83,7.83,7.63,7.71,519200,3.65
2012-07-20,7.86,7.91,7.80,7.83,498800,3.707
2012-07-19,7.93,7.95,7.72,7.90,896400,3.74
2012-07-18,7.71,7.82,7.60,7.82,687500,3.702
2012-07-17,7.59,7.80,7.57,7.72,994900,3.655
2012-07-16,8.35,8.35,7.70,7.70,3098900,3.645
2012-07-13,8.93,8.93,8.55,8.56,1750600,4.053
2012-07-12,8.84,8.96,8.70,8.92,856400,4.223
2012-07-11,8.80,8.90,8.71,8.84,895200,4.185
2012-07-10,8.93,9.03,8.75,8.80,1336600,4.166
2012-07-09,9.11,9.30,8.90,8.93,1526400,4.228
2012-07-06,9.25,9.35,8.97,9.34,2094800,4.422
2012-07-05,9.39,9.52,9.16,9.25,1948200,4.379
2012-07-04,9.21,9.49,9.10,9.49,3567800,4.493
2012-07-03,9.17,9.30,9.10,9.21,1298500,4.36
2012-07-02,9.12,9.22,9.10,9.16,1403400,4.337
2012-06-29,8.93,9.14,8.82,9.11,1415800,4.313
2012-06-28,9.17,9.19,9.00,9.00,1307100,4.261
2012-06-27,9.17,9.39,9.08,9.11,1560300,4.313
2012-06-26,8.91,9.20,8.91,9.17,1490500,4.341
2012-06-25,9.60,9.60,9.08,9.12,4155200,4.318
2012-06-22,9.82,9.82,9.82,9.82,000,4.649
2012-06-21,9.75,10.30,9.72,9.82,8209900,4.649
2012-06-20,9.68,9.87,9.60,9.68,2268700,4.583
2012-06-19,9.63,9.66,9.50,9.64,2265500,4.564
2012-06-18,9.49,9.77,9.47,9.62,3641200,4.554
2012-06-15,9.40,9.48,9.25,9.45,1574100,4.474
2012-06-14,9.48,9.56,9.28,9.31,1517800,4.408
2012-06-13,9.34,9.50,9.31,9.48,1857400,4.488
2012-06-12,9.43,9.43,9.27,9.33,1412800,4.417
2012-06-11,8.95,9.46,8.90,9.43,2414900,4.465
2012-06-08,9.00,9.09,8.93,8.95,900600,4.237
2012-06-07,9.15,9.17,8.88,8.92,858200,4.223
2012-06-06,8.98,9.08,8.90,9.05,816600,4.285
2012-06-05,8.96,9.10,8.94,8.99,1026600,4.256
2012-06-04,9.20,9.26,8.96,8.96,1648000,4.242
2012-06-01,9.59,9.87,9.35,9.43,2832500,4.465
2012-05-31,9.34,9.60,9.20,9.51,2506900,4.502
2012-05-30,9.35,9.55,9.21,9.35,2210700,4.427
2012-05-29,8.92,9.29,8.92,9.29,1507600,4.398
2012-05-28,8.98,9.05,8.70,9.01,1354900,4.266
2012-05-25,9.27,9.29,8.95,8.98,1527900,4.251
2012-05-24,9.27,9.50,9.26,9.34,1281800,4.28
2012-05-23,9.51,9.60,9.25,9.32,1170700,4.271
2012-05-22,9.39,9.68,9.39,9.56,863100,4.381
2012-05-21,9.54,9.67,9.06,9.44,1312200,4.326
2012-05-18,9.46,9.89,9.33,9.52,2744400,4.362
2012-05-17,9.24,9.49,9.24,9.47,822500,4.339
2012-05-16,9.39,9.60,9.27,9.27,1173600,4.248
2012-05-15,9.44,9.44,9.20,9.36,1268800,4.289
2012-05-14,9.65,9.72,9.46,9.48,1135000,4.344
2012-05-11,9.76,9.77,9.51,9.53,1416800,4.367
2012-05-10,9.53,9.74,9.45,9.69,2072700,4.44
2012-05-09,9.75,9.75,9.48,9.53,2871400,4.367
2012-05-08,9.50,10.15,9.45,9.85,5343600,4.514
2012-05-07,9.25,9.54,9.20,9.54,2547000,4.372
2012-05-04,9.17,9.31,9.16,9.28,1994900,4.252
2012-05-03,9.09,9.17,9.02,9.13,1261300,4.184
2012-05-02,9.19,9.27,9.06,9.11,2101600,4.174
2012-05-01,9.10,9.10,9.10,9.10,000,4.17
2012-04-30,9.10,9.10,9.10,9.10,000,4.17
2012-04-27,9.05,9.18,9.01,9.10,1481300,4.17
2012-04-26,9.07,9.17,9.00,9.04,1943800,4.142
2012-04-25,9.00,9.19,8.85,9.13,3406700,4.184
2012-04-24,9.25,9.25,9.25,9.25,000,4.239
2012-04-23,10.10,10.16,9.24,9.25,5818400,4.239
2012-04-20,10.15,10.29,10.10,10.26,2148100,4.701
2012-04-19,10.27,10.44,10.20,10.22,2410600,4.683
2012-04-18,10.00,10.26,10.00,10.22,2112300,4.683
2012-04-17,10.01,10.15,9.98,10.00,1738500,4.582
2012-04-16,10.04,10.08,9.85,10.03,1674600,4.596
2012-04-13,10.10,10.17,9.95,10.13,2638100,4.642
2012-04-12,9.78,10.09,9.78,10.03,2466700,4.596
2012-04-11,9.65,9.88,9.55,9.78,1075100,4.482
2012-04-10,9.58,9.80,9.38,9.80,2098300,4.491
2012-04-09,10.08,10.08,9.65,9.72,1399900,4.454
2012-04-06,10.01,10.27,9.89,10.07,2289700,4.614
2012-04-05,9.81,9.98,9.80,9.98,1899100,4.573
2012-04-04,9.77,9.77,9.77,9.77,000,4.477
2012-04-03,9.77,9.77,9.77,9.77,000,4.477
2012-04-02,9.77,9.77,9.77,9.77,000,4.477
2012-03-30,9.74,9.88,9.70,9.77,1692900,4.477
2012-03-29,9.82,9.93,9.65,9.74,1517300,4.463
2012-03-28,10.32,10.35,9.83,9.87,3216300,4.523
2012-03-27,10.47,10.52,10.36,10.38,1143100,4.756
2012-03-26,10.42,10.55,10.32,10.38,1276000,4.756
2012-03-23,10.58,10.58,10.35,10.41,1559200,4.77
2012-03-22,10.54,10.79,10.45,10.62,1863000,4.866
2012-03-21,10.49,10.68,10.31,10.57,2460500,4.844
2012-03-20,11.00,11.14,10.40,10.42,3860000,4.775
2012-03-19,11.02,11.11,10.83,11.06,3260800,5.068
2012-03-16,10.72,10.97,10.56,10.89,3491800,4.99
2012-03-15,11.14,11.23,10.55,10.73,4491000,4.917
2012-03-14,12.16,12.20,10.87,11.07,8386200,5.073
2012-03-13,11.70,12.15,11.70,12.08,7561600,5.535
2012-03-12,11.76,11.97,11.60,11.75,4313900,5.384
2012-03-09,11.41,11.64,11.40,11.62,3763700,5.325
2012-03-08,11.33,11.46,11.25,11.40,3029200,5.224
2012-03-07,11.15,11.48,11.08,11.25,3736000,5.155
2012-03-06,11.63,11.73,11.21,11.30,4981100,5.178
2012-03-05,11.80,12.09,11.66,11.73,3724500,5.375
2012-03-02,11.55,11.78,11.52,11.78,3050000,5.398
2012-03-01,11.42,11.65,11.42,11.55,2981000,5.293
2012-02-29,11.47,11.73,11.41,11.44,3382400,5.242
2012-02-28,11.84,11.85,11.39,11.55,6732400,5.293
2012-02-27,12.04,12.22,11.88,11.88,8603400,5.444
2012-02-24,12.10,12.98,12.01,12.08,11398400,5.535
2012-02-23,11.80,12.12,11.55,11.84,8332900,5.425
2012-02-22,11.48,12.16,11.45,11.79,10783100,5.403
2012-02-21,10.99,11.57,10.73,11.57,9578400,5.302
2012-02-20,11.35,11.40,11.00,11.06,4688400,5.068
2012-02-17,11.36,11.44,10.98,11.14,4429900,5.105
2012-02-16,11.24,11.48,11.03,11.36,7556300,5.206
2012-02-15,10.74,11.55,10.70,11.24,8932300,5.151
2012-02-14,11.03,11.03,10.66,10.81,4266900,4.953
2012-02-13,10.75,11.12,10.59,10.98,6039400,5.031
2012-02-10,10.88,10.97,10.61,10.77,4514300,4.935
2012-02-09,10.83,11.14,10.65,10.87,6859600,4.981
2012-02-08,10.26,11.11,10.23,10.78,7800800,4.94
2012-02-07,10.50,10.60,10.30,10.37,3454500,4.752
2012-02-06,10.73,10.80,10.41,10.63,4855700,4.871
2012-02-03,10.21,10.65,10.12,10.63,5359200,4.871
2012-02-02,9.94,10.28,9.90,10.21,3525400,4.679
2012-02-01,9.98,10.25,9.90,9.94,2790300,4.555
2012-01-31,10.08,10.16,9.82,9.98,2175600,4.573
2012-01-30,10.07,10.29,9.95,10.19,2872100,4.669
2012-01-27,10.02,10.02,10.02,10.02,000,4.591
2012-01-26,10.02,10.02,10.02,10.02,000,4.591
2012-01-25,10.02,10.02,10.02,10.02,000,4.591
2012-01-24,10.02,10.02,10.02,10.02,000,4.591
2012-01-23,10.02,10.02,10.02,10.02,000,4.591
2012-01-20,9.94,10.18,9.68,10.02,3837100,4.591
2012-01-19,9.55,10.26,9.35,10.05,4715600,4.605
2012-01-18,10.60,10.60,9.62,9.65,6620300,4.422
2012-01-17,9.38,10.35,9.25,10.35,5338900,4.743
2012-01-16,9.76,9.91,9.41,9.41,3301000,4.312
2012-01-13,10.96,11.09,10.02,10.07,6315200,4.614
2012-01-12,11.50,11.74,11.05,11.06,8189400,5.068
2012-01-11,11.17,11.17,11.17,11.17,000,5.118
2012-01-10,10.69,11.25,10.52,11.17,8317800,5.118
2012-01-09,10.19,10.80,10.00,10.72,7463500,4.912
2012-01-06,10.44,10.50,9.78,10.30,4403600,4.72
2012-01-05,11.39,11.46,10.35,10.49,5054500,4.807
2012-01-04,11.80,12.06,11.30,11.50,6362400,5.27
2012-01-03,11.74,11.97,11.70,11.76,4511700,5.389
2012-01-02,11.74,11.97,11.70,11.76,4511700,5.389
2011-12-30,11.74,11.97,11.70,11.76,4511700,5.389
2011-12-29,11.55,11.97,11.47,11.82,5271800,5.416
2011-12-28,11.35,11.75,11.20,11.54,4701000,5.288
2011-12-27,11.60,12.18,11.11,11.70,8869200,5.361
2011-12-26,12.80,13.04,11.72,11.75,8803400,5.384
2011-12-23,12.81,13.20,12.56,12.87,7327200,5.897
2011-12-22,14.00,14.00,12.69,13.04,12718200,5.975
2011-12-21,15.00,15.19,13.90,14.10,9780300,6.461
2011-12-20,15.35,15.72,14.90,14.90,10793600,6.828
2011-12-19,14.86,15.68,14.55,15.62,16092500,7.158
2011-12-16,13.68,15.47,13.38,15.16,14317700,6.947
2011-12-15,14.10,14.75,13.85,14.09,11267600,6.456
2011-12-14,13.55,14.78,13.50,14.38,12200800,6.589
2011-12-13,14.10,14.20,13.31,13.65,5916500,6.255
2011-12-12,14.04,14.45,14.02,14.25,4792100,6.53
2011-12-09,14.20,14.83,14.08,14.25,6656500,6.53
2011-12-08,14.40,15.07,13.80,14.55,12192900,6.667
2011-12-07,13.67,14.97,13.67,14.49,12412800,6.64
2011-12-06,13.33,14.28,13.30,13.79,7895500,6.319
2011-12-05,13.92,13.97,13.24,13.37,5563300,6.127
2011-12-02,13.61,14.31,13.58,13.95,7564200,6.392
2011-12-01,14.05,14.50,13.90,13.93,10374300,6.383
2011-11-30,14.93,14.93,13.52,13.64,11602800,6.25
2011-11-29,15.00,15.07,14.60,14.95,8221400,6.851
2011-11-28,14.84,14.99,14.58,14.90,8582100,6.828
2011-11-25,15.70,15.85,14.53,14.91,15639700,6.832
2011-11-24,15.13,16.60,15.13,15.93,18590400,7.30
2011-11-23,15.53,15.75,15.25,15.39,8371700,7.052
2011-11-22,15.08,15.79,15.01,15.73,13753900,7.208
2011-11-21,17.01,17.99,15.56,15.56,23541600,7.13
2011-11-18,16.86,17.45,16.65,17.29,14908300,7.923
2011-11-17,17.14,17.60,16.81,17.15,16880500,7.859
2011-11-16,17.20,17.34,16.77,17.15,13158700,7.859
2011-11-15,17.10,17.65,16.95,17.32,18652400,7.937
2011-11-14,17.14,17.38,16.89,17.32,21687800,7.937
2011-11-11,16.73,17.31,16.50,17.17,26702000,7.868
2011-11-10,15.01,16.73,14.91,16.73,31398700,7.666
2011-11-09,13.90,15.21,13.84,15.21,24517800,6.97
2011-11-08,12.60,13.83,12.57,13.83,9728300,6.337
2011-11-07,12.56,12.68,12.46,12.57,1023600,5.76
2011-11-04,12.70,12.75,12.41,12.50,1342900,5.728
2011-11-03,12.39,12.85,12.38,12.58,2441900,5.765
2011-11-02,11.95,12.36,11.75,12.35,1651000,5.659
2011-11-01,12.02,12.18,11.97,12.08,810600,5.535
2011-10-31,12.06,12.26,12.00,12.16,825800,5.572
2011-10-28,11.95,12.08,11.88,12.06,1067800,5.526
2011-10-27,11.90,11.98,11.75,11.84,800100,5.425
2011-10-26,11.35,12.22,11.35,11.91,1761500,5.458
2011-10-25,11.43,11.75,11.25,11.67,461100,5.348
2011-10-24,11.27,11.45,11.08,11.43,362000,5.238
2011-10-21,11.57,11.60,11.32,11.35,361600,5.201
2011-10-20,12.00,12.00,11.51,11.61,701300,5.32
2011-10-19,12.15,12.23,12.02,12.04,241400,5.517
2011-10-18,12.34,12.48,12.01,12.01,410600,5.503
2011-10-17,12.62,12.62,12.23,12.48,492200,5.719
2011-10-14,12.37,12.46,12.21,12.35,414400,5.659
2011-10-13,12.18,12.65,12.13,12.35,671600,5.659
2011-10-12,11.70,12.33,11.70,12.27,436300,5.623
2011-10-11,12.35,12.35,11.88,11.91,436500,5.458
2011-10-10,11.98,12.00,11.63,11.87,235400,5.439
2011-09-30,11.83,12.06,11.78,11.81,457100,5.412
2011-09-29,12.15,12.20,11.72,11.85,643100,5.43
2011-09-28,12.46,12.54,12.24,12.30,312900,5.636
2011-09-27,12.33,12.49,12.21,12.32,260600,5.645
2011-09-26,12.30,12.50,12.20,12.23,543900,5.604
2011-09-23,12.31,12.48,12.13,12.40,538800,5.682
2011-09-22,12.77,12.91,12.37,12.38,696600,5.673
2011-09-21,12.49,12.98,12.37,12.90,909800,5.911
2011-09-20,12.30,12.52,12.26,12.44,331400,5.70
2011-09-19,12.60,12.60,12.35,12.37,435900,5.668
2011-09-16,12.71,12.88,12.64,12.64,533800,5.792
2011-09-15,12.76,12.83,12.62,12.71,503100,5.824
2011-09-14,12.37,12.68,12.35,12.68,419300,5.81
2011-09-13,12.50,12.58,12.25,12.45,673700,5.705
2011-09-09,12.85,13.14,12.59,12.65,765600,5.797
2011-09-08,13.10,13.36,12.88,12.88,1218900,5.902
2011-09-07,12.86,12.98,12.63,12.97,823700,5.943
2011-09-06,12.50,12.89,12.50,12.65,589300,5.797
2011-09-05,12.98,13.16,12.71,12.71,1321300,5.824
2011-09-02,13.46,13.51,13.01,13.16,1494500,6.03
2011-09-01,13.53,13.80,13.40,13.55,1483200,6.209
2011-08-31,13.53,13.73,13.36,13.51,1763100,6.191
2011-08-30,14.25,14.35,13.62,13.64,2884100,6.25
2011-08-29,14.22,14.37,14.04,14.16,3881600,6.489
2011-08-26,13.63,14.35,13.56,14.33,6847200,6.566
2011-08-24,13.75,13.91,13.39,13.45,2375500,6.163
2011-08-23,13.19,13.75,13.19,13.64,2355700,6.25
2011-08-22,12.98,13.38,12.80,13.16,1612900,6.03
2011-08-19,12.65,13.10,12.65,12.98,1912500,5.948
2011-08-18,13.30,13.85,13.30,13.40,2812800,6.14
2011-08-17,13.10,13.45,13.10,13.31,1081000,6.099
2011-08-16,13.39,13.64,13.16,13.20,1773000,6.049
2011-08-15,12.90,13.47,12.90,13.37,1678800,6.127
2011-08-12,12.80,13.11,12.60,12.85,1418500,5.888
2011-08-11,12.10,12.75,11.98,12.69,1704900,5.815
2011-08-10,12.36,12.54,12.29,12.32,1044600,5.645
2011-08-09,12.10,12.34,11.75,12.17,1266900,5.577
2011-08-08,13.03,13.08,12.28,12.42,1426800,5.691
2011-08-05,13.00,13.29,12.81,13.28,2068700,6.085
2011-08-04,13.87,13.88,13.45,13.57,2692900,6.218
2011-08-03,13.00,14.49,12.95,13.92,5477400,6.379
2011-08-02,12.95,13.29,12.65,13.25,1189400,6.072
2011-08-01,12.66,12.96,12.52,12.91,767400,5.916
2011-07-29,12.73,12.84,12.62,12.76,655000,5.847
2011-07-28,12.67,12.76,12.52,12.62,664900,5.783
2011-07-27,12.68,12.77,12.57,12.73,743700,5.833
2011-07-26,12.60,12.77,12.51,12.61,794900,5.778
2011-07-25,13.18,13.24,12.62,12.66,956200,5.801
2011-07-22,13.34,13.41,13.22,13.24,629600,6.067
2011-07-21,13.43,13.43,13.19,13.22,617600,6.058
2011-07-20,13.40,13.57,13.21,13.44,1185100,6.159
2011-07-19,13.67,13.75,13.25,13.29,1178100,6.09
2011-07-18,13.92,13.95,13.63,13.67,1699700,6.264
2011-07-15,13.60,13.96,13.59,13.85,2303300,6.347
2011-07-14,13.13,13.80,13.13,13.68,2776000,6.269
2011-07-13,12.95,13.18,12.91,13.13,1219500,6.017
2011-07-12,13.38,13.38,12.95,12.96,1069500,5.939
2011-07-11,13.07,13.30,13.02,13.28,866900,6.085
2011-07-08,13.23,13.35,12.91,13.07,996800,5.989
2011-07-07,13.09,13.49,13.02,13.28,1617500,6.085
2011-07-06,13.13,13.19,12.90,13.16,852300,6.03
2011-07-05,12.95,13.10,12.83,13.10,1216800,6.003
2011-07-04,12.79,12.95,12.76,12.92,1291200,5.92
2011-07-01,12.75,12.87,12.62,12.75,987400,5.842
2011-06-30,12.53,12.75,12.50,12.62,552200,5.783
2011-06-29,12.68,12.82,12.58,12.60,703200,5.774
2011-06-28,12.67,12.81,12.51,12.77,793000,5.852
2011-06-27,12.47,12.89,12.47,12.68,1553000,5.81
2011-06-23,11.80,12.38,11.50,12.24,736700,5.609
2011-06-22,12.03,12.03,11.82,11.98,303800,5.49
2011-06-21,11.88,12.00,11.81,12.00,305400,5.499
2011-06-20,11.99,12.05,11.79,11.85,369700,5.43
2011-06-17,12.11,12.14,11.92,12.00,370500,5.499
2011-06-16,12.44,12.49,11.88,12.17,515900,5.577
2011-06-15,12.57,12.63,12.45,12.50,356700,5.728
2011-06-14,12.37,12.65,12.30,12.56,491000,5.755
2011-06-13,12.30,12.46,12.05,12.30,315100,5.636
2011-06-10,12.49,12.49,12.20,12.31,613600,5.641
2011-06-09,12.80,12.80,12.51,12.51,588200,5.732
2011-06-08,12.80,12.83,12.66,12.80,369100,5.865
2011-06-07,12.83,12.93,12.70,12.83,441900,5.879
2011-06-03,12.62,12.93,12.51,12.84,573900,5.884
2011-06-02,12.70,12.99,12.59,12.66,731000,5.801
2011-06-01,12.80,12.94,12.78,12.92,599200,5.92
2011-05-31,12.78,12.90,12.60,12.90,607000,5.911
2011-05-30,12.28,12.99,12.28,12.78,1105900,5.856
2011-05-27,12.41,12.65,12.33,12.45,612700,5.705
2011-05-26,12.98,12.98,12.56,12.57,429600,5.76
2011-05-25,13.22,13.22,12.72,12.72,943200,5.829
